n,a,b,c,p,lambda,delta,chi_delta,ap_L_lambda,N,factorization_N,q,h,k,b_mov
5,11,29,76,1009,98,786,-1,-22,988,2^2;13^1;19^1,19,52,18,180
5,11,29,76,10007,5890,6840,-1,24,10032,2^4;3^1;11^1;19^1,19,528,18,240
5,11,29,76,100003,32824,6840,-1,260,100264,2^3;83^1;151^1,151,664,50,831
5,11,29,76,1000003,275587,6840,1,-268,1000272,2^4;3^1;7^1;13^1;229^1,229,4368,228,4545
5,11,29,76,10000019,3340651,6840,-1,-4912,9995108,2^2;1553^1;1609^1,1609,6212,1608,37392
5,11,29,76,100000007,64108193,6840,1,17212,99982796,2^2;83^1;301153^1,301153,332,25096,666937
5,11,29,76,1000000007,272660822,6840,1,-9084,1000009092,2^2;3^1;6607^1;12613^1,12613,79284,12612,377066
5,11,29,76,10000000019,4919590654,6840,1,-28964,10000028984,2^3;11^1;8933^1;12721^1,12721,786104,6360,211275
5,11,29,76,100000000003,95979532168,6840,-1,-425348,99999574656,2^7;3^1;41^1;647^1;9817^1,9817,10186368,409,14946
5,11,29,76,1000000000039,617690058505,6840,1,1405944,999998594096,2^4;62499912131^1,62499912131,16,31249956065,1245721284198
8,1,8,17,1009,637,952,-1,6,1016,2^3;127^1,127,8,63,629
8,1,8,17,10007,842,952,1,-112,10120,2^3;5^1;11^1;23^1,23,440,11,147
8,1,8,17,100003,27733,952,1,-396,100400,2^4;5^2;251^1,251,400,125,2077
8,1,8,17,1000003,672272,952,-1,-1096,998908,2^2;249727^1,249727,4,41621,829572
8,1,8,17,10000019,3361352,952,-1,-168,9999852,2^2;3^1;19^1;61^1;719^1,719,13908,359,8349
8,1,8,17,100000007,34453785,952,1,-6872,100006880,2^5;5^1;19^1;67^1;491^1,491,203680,1,27
8,1,8,17,1000000007,310924373,952,-1,-20032,999979976,2^3;124997497^1,124997497,8,62498748,1868547123
8,1,8,17,10000000019,8739495816,952,1,190700,9999809320,2^3;5^1;249995233^1,249995233,40,31249404,1038082732
8,1,8,17,100000000003,63025210087,952,-1,-105728,99999894276,2^2;3^4;13729^1;22481^1,22481,4448196,5620,205362
8,1,8,17,1000000000039,67226890760,952,1,487664,999999512376,2^3;3^1;17^1;37^1;1307^1;50683^1,50683,19730472,25341,1010172
8,1,17,28,1009,733,557,1,6,1004,2^2;251^1,251,4,25,250
8,1,17,28,10007,1855,3584,-1,56,10064,2^4;17^1;37^1,37,272,36,479
8,1,17,28,100003,44422,3584,1,-268,100272,2^4;3^1;2089^1,2089,48,2088,34682
8,1,17,28,1000003,372770,3584,1,-1272,1001276,2^2;53^1;4723^1,4723,212,4722,94117
8,1,17,28,10000019,1941969,3584,1,-348,10000368,2^4;3^3;7^1;3307^1,3307,3024,1653,38439
8,1,17,28,100000007,79241078,3584,-1,336,100000344,2^3;3^1;19^1;37^1;5927^1,5927,16872,2963,78743
8,1,17,28,1000000007,649553577,3584,1,-43212,1000043220,2^2;3^1;5^1;11^2;23^1;53^1;113^1,113,8849940,112,3349
8,1,17,28,10000000019,4799107153,3584,1,-72600,10000072620,2^2;3^3;5^1;101^1;181^1;1013^1,1013,9871740,506,16809
8,1,17,28,100000000003,94419642861,3584,1,-146884,100000146888,2^3;3^3;462963643^1,462963643,216,462963642,16917251223
8,1,17,28,1000000000039,863839285749,3584,1,-1447964,1000001448004,2^2;13^1;43^1;447227839^1,447227839,2236,74537973,2971317440
8,1,28,41,1009,588,784,1,-6,1016,2^3;127^1,127,8,63,629
8,1,28,41,10007,6139,8856,-1,128,10136,2^3;7^1;181^1,181,56,90,1196
8,1,28,41,100003,8041,8856,1,-524,100528,2^4;61^1;103^1,103,976,17,283
8,1,28,41,1000003,332432,8856,-1,440,1000444,2^2;67^1;3733^1,3733,268,622,12398
8,1,28,41,10000019,307138,8856,-1,-876,9999144,2^3;3^2;113^1;1229^1,1229,8136,307,7139
8,1,28,41,100000007,74345083,8856,1,-7096,100007104,2^6;1562611^1,1562611,64,260435,6921171
8,1,28,41,1000000007,946702808,8856,-1,22584,1000022592,2^6;3^1;19^1;467^1;587^1,587,1703616,586,17520
8,1,28,41,10000000019,6160794954,8856,-1,38892,10000038912,2^10;3^1;29^1;112249^1,112249,89088,56124,1864399
8,1,28,41,100000000003,66576332433,8856,-1,271820,100000271824,2^4;139^1;44964151^1,44964151,2224,8992830,328608881
8,1,28,41,1000000000039,47877145441,8856,-1,-1114032,999998886008,2^3;401^1;311720351^1,311720351,3208,155860175,6213075531
8,1,41,56,1009,751,767,1,26,984,2^3;3^1;41^1,41,24,10,100
8,1,41,56,10007,5965,7913,1,-144,10152,2^3;3^3;47^1,47,216,46,612
8,1,41,56,100003,21207,17920,-1,-64,99940,2^2;5^1;19^1;263^1,263,380,262,4352
8,1,41,56,1000003,283484,17920,-1,-1192,998812,2^2;249703^1,249703,4,249702,4976954
8,1,41,56,10000019,9620555,17920,1,220,9999800,2^3;5^2;49999^1,49999,200,49998,1162629
8,1,41,56,100000007,48883933,17920,1,7032,99992976,2^4;3^1;2083187^1,2083187,48,2083186,55361554
8,1,41,56,1000000007,631696434,17920,-1,30540,1000030548,2^2;3^1;11^1;29^1;261241^1,261241,3828,261240,7810385
8,1,41,56,10000000019,6763392871,17920,1,-102916,10000102936,2^3;127^1;9842621^1,9842621,1016,1968524,65392952
8,1,41,56,100000000003,71205357146,17920,-1,-294692,99999705312,2^5;3^2;13^1;26709323^1,26709323,3744,26709322,975990919
8,1,41,56,1000000000039,417410714303,17920,1,-1365872,1000001365912,2^3;2129^1;58713091^1,58713091,17032,29356545,1170243980
8,1,56,73,1009,817,841,1,26,984,2^3;3^1;41^1,41,24,10,100
8,1,56,73,10007,8697,2099,-1,16,10024,2^3;7^1;179^1,179,56,178,2366
8,1,56,73,100003,32530,32120,-1,-560,99444,2^2;3^1;8287^1,8287,12,4143,68814
8,1,56,73,1000003,787301,32120,-1,740,1000744,2^3;125093^1,125093,8,31273,623321
8,1,56,73,10000019,5222925,32120,-1,-4020,9996000,2^5;3^1;5^3;7^2;17^1,17,588000,16,373
8,1,56,73,100000007,7447075,32120,-1,2016,100002024,2^3;3^2;17^1;81701^1,81701,1224,20425,542804
8,1,56,73,1000000007,999750942,32120,1,-13352,1000013360,2^4;5^1;47^1;265961^1,265961,3760,265960,7951500
8,1,56,73,10000000019,2856787055,32120,1,43644,9999956376,2^3;3^2;17^1;23^1;71^1;5003^1,5003,1998792,2501,83082
8,1,56,73,100000000003,33897882941,32120,1,-270652,100000270656,2^6;3^3;11^1;13^1;499^1;811^1,811,123304896,405,14800
8,1,56,73,1000000000039,330510585319,32120,1,1421248,999998578792,2^3;37^1;109^1;3671^1;8443^1,8443,118441144,8442,336525
8,1,73,92,1009,371,524,-1,-6,1004,2^2;251^1,251,4,25,250
8,1,73,92,10007,2749,2957,-1,96,10104,2^3;3^1;421^1,421,24,210,2791
8,1,73,92,100003,57234,52992,1,-484,100488,2^3;3^1;53^1;79^1,79,1272,78,1296
8,1,73,92,1000003,181010,52992,-1,0,1000004,2^2;53^2;89^1,89,11236,2,40
8,1,73,92,10000019,7438119,52992,1,3660,9996360,2^3;3^1;5^1;11^1;7573^1,7573,1320,1893,44019
8,1,73,92,100000007,86156408,52992,-1,528,100000536,2^3;3^1;4166689^1,4166689,24,1041672,27682876
8,1,73,92,1000000007,687650972,52992,-1,-4716,999995292,2^2;3^2;27777647^1,27777647,36,27777646,830478085
8,1,73,92,10000000019,46799518,52992,-1,164492,10000164512,2^5;13^1;19^1;31^1;40813^1,40813,245024,20406,677873
8,1,73,92,100000000003,9405193238,52992,-1,367996,100000368000,2^7;3^2;5^3;13^1;53419^1,53419,1872000,8903,325327
8,1,73,92,1000000000039,436443236733,52992,-1,1466192,1000001466232,2^3;79^1;1582280801^1,1582280801,632,98892550,3942167283
8,2,4,14,1009,290,224,1,-62,1072,2^4;67^1,67,16,33,330
8,2,4,14,10007,5720,224,-1,-180,9828,2^2;3^3;7^1;13^1,13,756,6,80
8,2,4,14,100003,28574,224,1,548,99456,2^7;3^1;7^1;37^1,37,2688,12,200
8,2,4,14,1000003,571432,224,1,-740,1000744,2^3;125093^1,125093,8,31273,623321
8,2,4,14,10000019,2857150,224,1,300,9999720,2^3;3^3;5^1;47^1;197^1,197,50760,196,4558
8,2,4,14,100000007,14285717,224,-1,-3612,99996396,2^2;3^1;8333033^1,8333033,12,4166516,110726933
8,2,4,14,1000000007,714285721,224,1,41392,999958616,2^3;79^1;137^1;11549^1,11549,86584,2887,86314
8,2,4,14,10000000019,1428571433,224,1,-167932,10000167952,2^4;8597^1;72701^1,72701,137552,36350,1207521
8,2,4,14,100000000003,28571428574,224,1,-316636,100000316640,2^5;3^1;5^1;7^1;19^1;733^1;2137^1,2137,46794720,267,9757
8,2,4,14,1000000000039,857142857178,224,1,-1130556,1000001130596,2^2;13^1;19230790973^1,19230790973,52,4807697743,191649914451
8,2,14,28,1009,926,670,1,10,1000,2^3;5^3,5,200,2,20
8,2,14,28,10007,835,2688,-1,24,10032,2^4;3^1;11^1;19^1,19,528,18,240
8,2,14,28,100003,41669,2688,-1,-452,99552,2^5;3^1;17^1;61^1,61,1632,20,333
8,2,14,28,1000003,416669,2688,-1,596,1000600,2^3;5^2;5003^1,5003,200,2501,49849
8,2,14,28,10000019,833336,2688,1,4452,9995568,2^4;3^1;11^2;1721^1,1721,5808,344,8000
8,2,14,28,100000007,8333335,2688,-1,5072,100005080,2^3;5^1;7^3;37^1;197^1,197,507640,49,1303
8,2,14,28,1000000007,83333335,2688,1,7884,999992124,2^2;3^2;27777559^1,27777559,36,9259186,276825152
8,2,14,28,10000000019,833333336,2688,1,60612,9999939408,2^4;3^1;208332071^1,208332071,48,208332070,6920641565
8,2,14,28,100000000003,41666666669,2688,-1,151180,100000151184,2^4;3^1;2083336483^1,2083336483,48,2083336482,76127633898
8,2,14,28,1000000000039,416666666684,2688,-1,-603296,999999396744,2^3;3^1;41666641531^1,41666641531,24,13888880510,553654348474
8,2,28,46,1009,244,487,1,-22,1032,2^3;3^1;43^1,43,24,42,420
8,2,28,46,10007,7933,9568,-1,-48,9960,2^3;3^1;5^1;83^1,83,120,82,1090
8,2,28,46,100003,72244,9568,1,-332,100336,2^4;6271^1,6271,16,3135,52072
8,2,28,46,1000003,612043,9568,1,652,999352,2^3;124919^1,124919,8,62459,1244907
8,2,28,46,10000019,2508367,9568,-1,-4272,9995748,2^2;3^1;7^1;19^1;6263^1,6263,1596,3131,72807
8,2,28,46,100000007,38127094,9568,-1,-136,99999872,2^7;7^1;233^1;479^1,479,208768,239,6352
8,2,28,46,1000000007,973244155,9568,1,47576,999952432,2^4;62497027^1,62497027,16,31248513,934247820
8,2,28,46,10000000019,1705685623,9568,1,-60540,10000060560,2^4;3^2;5^1;7^1;1984139^1,1984139,5040,1984138,65911638
8,2,28,46,100000000003,33110367895,9568,-1,19312,100000019316,2^2;3^1;631^1;13206553^1,13206553,7572,6603276,241291689
8,2,28,46,1000000000039,187290969908,9568,-1,1161216,1000001161256,2^3;29^1;31^1;89^1;1562287^1,1562287,640088,1562286,62277622
8,2,46,68,1009,461,729,1,58,952,2^3;7^1;17^1,17,56,16,160
8,2,46,68,10007,5446,3922,-1,72,10080,2^5;3^2;5^1;7^1,7,1440,3,40
8,2,46,68,100003,72062,23936,-1,-104,99900,2^2;3^3;5^2;37^1,37,2700,12,200
8,2,46,68,1000003,602944,23936,-1,4,1000008,2^3;3^2;17^1;19^1;43^1,43,23256,21,419
8,2,46,68,10000019,4264715,23936,1,-348,10000368,2^4;3^3;7^1;3307^1,3307,3024,1653,38439
8,2,46,68,100000007,95588243,23936,-1,-14352,99985656,2^3;3^1;4166069^1,4166069,24,2083034,55357514
8,2,46,68,1000000007,838235301,23936,-1,52800,1000052808,2^3;3^1;31^1;1344157^1,1344157,744,672078,20093354
8,2,46,68,10000000019,3088235301,23936,1,123120,9999876900,2^2;3^1;5^2;13^1;2564071^1,2564071,3900,854690,28392188
8,2,46,68,100000000003,95588235298,23936,1,131788,99999868216,2^3;41^1;2347^1;129901^1,129901,769816,8660,316447
8,2,46,68,1000000000039,485294117667,23936,1,1690968,999998309072,2^4;7^1;53^1;168463327^1,168463327,5936,28077221,1119246112
8,2,68,94,1009,822,191,1,42,968,2^3;11^2,11,88,10,100
8,2,68,94,10007,1614,9604,1,32,9976,2^3;29^1;43^1,43,232,21,280
8,2,68,94,100003,42491,49632,-1,-4,100000,2^5;5^5,5,20000,4,67
8,2,68,94,1000003,237268,49632,-1,244,1000248,2^3;3^1;71^1;587^1,587,1704,293,5840
8,2,68,94,10000019,4861390,49632,1,-5588,10005608,2^3;1250701^1,1250701,8,1250700,29083152
8,2,68,94,100000007,18246295,49632,-1,17856,100017864,2^3;3^2;97^1;14321^1,14321,6984,3580,95141
8,2,68,94,1000000007,68343006,49632,-1,4868,1000004876,2^2;13^1;2137^1;8999^1,8999,111124,8998,269017
8,2,68,94,10000000019,4687298527,49632,1,37260,9999962760,2^3;3^1;5^1;337^1;247279^1,247279,40440,123639,4107199
8,2,68,94,100000000003,70148291428,49632,-1,-466380,99999533624,2^3;12499941703^1,12499941703,8,6249970851,228381491385
8,2,68,94,1000000000039,862024500357,49632,1,-6492,1000000006532,2^2;17^1;14705882449^1,14705882449,68,14705882448,586222608771
8,4,7,23,1009,426,552,-1,-38,972,2^2;3^5,3,324,1,10
8,4,7,23,10007,5368,552,-1,72,10080,2^5;3^2;5^1;7^1,7,1440,3,40
8,4,7,23,100003,59424,552,1,-260,100264,2^3;83^1;151^1,151,664,50,831
8,4,7,23,1000003,637685,552,-1,-1144,998860,2^2;5^1;49943^1,49943,20,49942,995423
8,4,7,23,10000019,8405815,552,-1,-2096,9997924,2^2;29^1;79^1;1091^1,1091,9164,545,12674
8,4,7,23,100000007,97101458,552,-1,4080,100004088,2^3;3^1;4166837^1,4166837,24,1041709,27683860
8,4,7,23,1000000007,101449278,552,-1,-41648,999958360,2^3;5^1;17^1;61^1;24107^1,24107,41480,12053,360353
8,4,7,23,10000000019,1449275367,552,1,-151092,10000151112,2^3;3^1;7^1;59524709^1,59524709,168,14881177,494342000
8,4,7,23,100000000003,20289855075,552,-1,-49612,99999950392,2^3;12499993799^1,12499993799,8,12499993798,456764886419
8,4,7,23,1000000000039,289855072477,552,1,-1016640,1000001016680,2^3;5^1;167^1;1487^1;100673^1,100673,9933160,9152,364828
8,4,14,34,1009,298,702,-1,-26,984,2^3;3^1;41^1,41,24,10,100
8,4,14,34,10007,7065,2720,1,48,9960,2^3;3^1;5^1;83^1,83,120,82,1090
8,4,14,34,100003,52944,2720,1,356,99648,2^6;3^2;173^1,173,576,86,1429
8,4,14,34,1000003,647062,2720,-1,84,1000088,2^3;149^1;839^1,839,1192,419,8352
8,4,14,34,10000019,8235311,2720,1,-1628,10001648,2^4;625103^1,625103,16,312551,7267905
8,4,14,34,100000007,29411768,2720,1,5248,99994760,2^3;5^1;857^1;2917^1,2917,34280,1458,38747
8,4,14,34,1000000007,411764710,2720,1,24880,999975128,2^3;124996891^1,124996891,8,124996890,3737076128
8,4,14,34,10000000019,9411764725,2720,-1,51936,10000051956,2^2;3^2;19^1;163^1;257^1;349^1,349,28653444,58,1927
8,4,14,34,100000000003,29411764708,2720,-1,-321484,99999678520,2^3;5^1;7^1;357141709^1,357141709,280,447546,16353872
8,4,14,34,1000000000039,764705882384,2720,1,1129652,999998870388,2^2;3^1;7^2;17^1;23^1;239^1;18199^1,18199,54948012,9099,362715
8,4,23,47,1009,870,81,1,2,1008,2^4;3^2;7^1,7,144,1,10
8,4,23,47,10007,8697,7144,1,16,9992,2^3;1249^1,1249,8,39,519
8,4,23,47,100003,85446,7144,-1,428,100432,2^4;6277^1,6277,16,1569,26061
8,4,23,47,1000003,217247,7144,-1,-1516,998488,2^3;19^1;6569^1,6569,152,6568,130911
8,4,23,47,10000019,8141114,7144,1,2660,9997360,2^4;5^1;17^1;7351^1,7351,1360,210,4884
8,4,23,47,100000007,59126545,7144,1,-8544,100008552,2^3;3^1;7^1;17^1;19^2;97^1,97,1031016,24,638
8,4,23,47,1000000007,726763724,7144,1,-35924,1000035932,2^2;7^1;35715569^1,35715569,28,17857784,533900470
8,4,23,47,10000000019,5341545364,7144,1,-55452,10000055472,2^4;3^1;11^1;41^1;571^1;809^1,809,12361008,404,13421
8,4,23,47,100000000003,13885778277,7144,-1,-57416,99999942588,2^2;3^2;7^1;13^1;17^1;229^1;7841^1,7841,12753468,35,1279
8,4,23,47,1000000000039,837625979877,7144,-1,-1406004,999998594036,2^2;13^2;17^1;37^1;359^1;6551^1,6551,152648236,3275,130552
8,4,34,62,1009,409,754,-1,-62,948,2^2;3^1;79^1,79,12,26,260
8,4,34,62,10007,991,4873,1,-88,10096,2^4;631^1,631,16,126,1675
8,4,34,62,100003,99789,14880,1,-484,100488,2^3;3^1;53^1;79^1,79,1272,78,1296
8,4,34,62,1000003,94625,14880,1,356,999648,2^5;3^3;13^1;89^1,89,11232,2,40
8,4,34,62,10000019,924734,14880,1,2572,9997448,2^3;1249681^1,1249681,8,1249680,29059434
8,4,34,62,100000007,48602155,14880,-1,-10548,99989460,2^2;3^2;5^1;67^1;8291^1,8291,12060,4145,110156
8,4,34,62,1000000007,840860222,14880,-1,22408,1000022416,2^4;17^1;3676553^1,3676553,272,919138,27479794
8,4,34,62,10000000019,6086021518,14880,-1,26676,10000026696,2^3;3^1;11^1;37878889^1,37878889,264,18939444,629154712
8,4,34,62,100000000003,28817204303,14880,-1,-97484,99999902520,2^3;3^2;5^1;7^1;103^1;385267^1,385267,259560,385266,14078086
8,4,34,62,1000000000039,17204301077,14880,-1,1967392,1000001967432,2^3;3^1;13^1;16141^1;198571^1,198571,5035992,99285,3957812
8,4,47,79,1009,814,942,1,2,1008,2^4;3^2;7^1,7,144,1,10
8,4,47,79,10007,9575,7162,-1,-48,9960,2^3;3^1;5^1;83^1,83,120,82,1090
8,4,47,79,100003,17046,27176,-1,-36,99968,2^7;11^1;71^1,71,1408,70,1163
8,4,47,79,1000003,30322,27176,-1,1204,1001208,2^3;3^1;13^1;3209^1,3209,312,3208,63941
8,4,47,79,10000019,5407724,27176,1,1388,9998632,2^3;7^1;61^1;2927^1,2927,3416,1463,34020
8,4,47,79,100000007,67353553,27176,-1,-14208,99985800,2^3;3^1;5^2;166643^1,166643,600,83321,2214291
8,4,47,79,1000000007,463350019,27176,1,4452,999995556,2^2;3^1;7^1;17^1;700277^1,700277,1428,700276,20936399
8,4,47,79,10000000019,503385342,27176,-1,52228,10000052248,2^3;1250006531^1,1250006531,8,625003265,20762159056
8,4,47,79,100000000003,52251987050,27176,1,231456,99999768548,2^2;61^1;229^1;233^1;7681^1,7681,13019108,7680,280637
8,4,47,79,1000000000039,745363556109,27176,-1,-1257720,999998742320,2^4;5^1;12499984279^1,12499984279,80,6249992139,249144293753
8,4,62,98,1009,726,67,1,34,976,2^4;61^1,61,16,20,200
8,4,62,98,10007,6001,5444,-1,112,10120,2^3;5^1;11^1;23^1,23,440,11,147
8,4,62,98,100003,79736,45472,1,524,99480,2^3;3^1;5^1;829^1,829,120,828,13753
8,4,62,98,1000003,496132,45472,-1,-16,999988,2^2;11^1;22727^1,22727,44,22726,452965
8,4,62,98,10000019,2850112,45472,-1,-756,9999264,2^5;3^1;11^1;17^1;557^1,557,17952,139,3233
8,4,62,98,100000007,15482057,45472,-1,5304,100005312,2^6;3^1;11^1;47351^1,47351,2112,23675,629174
8,4,62,98,1000000007,557353981,45472,1,32668,999967340,2^2;5^1;19^1;2631493^1,2631493,380,657873,19668662
8,4,62,98,10000000019,8838845901,45472,-1,65604,10000065624,2^3;3^1;359^1;1160639^1,1160639,8616,580319,19277780
8,4,62,98,100000000003,23574947222,45472,-1,-343296,99999656708,2^2;7^1;233^1;1627^1;9421^1,9421,10614548,314,11474
8,4,62,98,1000000000039,505277973279,45472,1,-1315364,1000001315404,2^2;7^1;13^1;47^1;89^1;277^1;2371^1,2371,421763524,158,6299
8,7,8,31,1009,885,248,-1,-6,1004,2^2;251^1,251,4,25,250
8,7,8,31,10007,329,248,-1,-192,9816,2^3;3^1;409^1,409,24,102,1356
8,7,8,31,100003,6458,248,1,284,99720,2^3;3^2;5^1;277^1,277,360,276,4585
8,7,8,31,1000003,161297,248,1,-148,1000152,2^3;3^2;29^1;479^1,479,2088,239,4764
8,7,8,31,10000019,2258075,248,1,-992,10001012,2^2;7^1;357179^1,357179,28,178589,4152820
8,7,8,31,100000007,41935493,248,1,1280,99998728,2^3;29^1;431029^1,431029,232,143676,3818251
8,7,8,31,1000000007,774193560,248,1,-19224,1000019232,2^5;3^2;3472289^1,3472289,288,3472288,103812220
8,7,8,31,10000000019,7419354859,248,-1,106548,10000106568,2^3;3^2;53^1;2620573^1,2620573,3816,2620572,87053518
8,7,8,31,100000000003,35483870975,248,-1,-71592,99999928412,2^2;293^1;643^1;132697^1,132697,753596,132696,4848873
8,7,8,31,1000000000039,483870967767,248,1,-798128,1000000798168,2^3;421^1;296912351^1,296912351,3368,29691235,1183585773
8,7,23,56,1009,624,105,1,-42,1052,2^2;263^1,263,4,262,2615
8,7,23,56,10007,9461,7168,-1,-104,9904,2^4;619^1,619,16,618,8213
8,7,23,56,100003,16408,7168,-1,-308,99696,2^4;3^1;31^1;67^1,67,1488,33,549
8,7,23,56,1000003,414065,7168,-1,820,1000824,2^3;3^1;11^1;17^1;223^1,223,4488,222,4425
8,7,23,56,10000019,390627,7168,-1,-3308,9996712,2^3;11^1;47^1;2417^1,2417,4136,604,14046
8,7,23,56,100000007,82031257,7168,-1,-4056,99995952,2^4;3^1;7^1;297607^1,297607,336,297606,7909006
8,7,23,56,1000000007,820312507,7168,1,-11628,1000011636,2^2;3^3;13^1;389^1;1831^1,1831,546156,183,5472
8,7,23,56,10000000019,390625002,7168,-1,-68032,9999931988,2^2;163^1;15337319^1,15337319,652,15337318,509494676
8,7,23,56,100000000003,91406250004,7168,-1,438304,100000438308,2^2;3^2;17^1;163399409^1,163399409,612,20424926,746351491
8,7,23,56,1000000000039,70312500004,7168,1,-249752,1000000249792,2^6;15625003903^1,15625003903,64,2604167317,103810278890
8,7,31,68,1009,761,948,-1,-34,976,2^4;61^1,61,16,20,200
8,7,31,68,10007,4974,3049,-1,-80,9928,2^3;17^1;73^1,73,136,36,479
8,7,31,68,100003,23470,13056,-1,-196,99808,2^5;3119^1,3119,32,1559,25895
8,7,31,68,1000003,881744,13056,1,824,999180,2^2;3^2;5^1;7^1;13^1;61^1,61,16380,60,1196
8,7,31,68,10000019,5189962,13056,-1,-2040,9997980,2^2;3^1;5^1;281^1;593^1,593,16860,296,6884
8,7,31,68,100000007,23223042,13056,-1,-19176,99980832,2^5;3^1;7^1;148781^1,148781,672,148780,3953892
8,7,31,68,1000000007,879289223,13056,-1,35652,1000035660,2^2;3^1;5^1;13^1;131^1;9787^1,9787,102180,4893,146288
8,7,31,68,10000000019,1660539220,13056,1,101884,9999898136,2^3;181^1;6906007^1,6906007,1448,3453003,114706277
8,7,31,68,100000000003,94056372553,13056,1,164108,99999835896,2^3;3^1;17^1;23^1;3079^1;3461^1,3461,28893336,3460,126433
8,7,31,68,1000000000039,153799019615,13056,-1,289664,1000000289704,2^3;13^1;9615387401^1,9615387401,104,1201923425,47912438321
8,8,17,49,1009,569,501,1,34,976,2^4;61^1,61,16,20,200
8,8,17,49,10007,8874,3528,1,24,9984,2^8;3^1;13^1,13,768,6,80
8,8,17,49,100003,46715,3528,-1,588,100592,2^4;6287^1,6287,16,6286,104409
8,8,17,49,1000003,997737,3528,-1,-1076,998928,2^4;3^2;7^1;991^1,991,1008,45,897
8,8,17,49,10000019,9750587,3528,-1,-208,9999812,2^2;2499953^1,2499953,4,24752,575571
8,8,17,49,100000007,9070297,3528,1,12828,99987180,2^2;3^1;5^1;863^1;1931^1,1931,51780,965,25646
8,8,17,49,1000000007,437641728,3528,1,43696,999956312,2^3;124994539^1,124994539,8,62497269,1868502905
8,8,17,49,10000000019,7097505684,3528,-1,32844,10000032864,2^5;3^1;1499^1;69491^1,69491,143904,6949,230841
8,8,17,49,100000000003,89569161002,3528,-1,-161420,99999838584,2^3;3^2;29^1;683^1;70121^1,70121,1426104,70120,2562270
8,8,17,49,1000000000039,528344671224,3528,1,1665944,999998334096,2^4;3^1;20833298627^1,20833298627,48,10416649313,415240320090
8,8,31,71,1009,105,956,-1,50,1060,2^2;5^1;53^1,53,20,52,519
8,8,31,71,10007,8323,3057,-1,12,10020,2^2;3^1;5^1;167^1,167,60,83,1103
8,8,31,71,100003,43542,13064,-1,356,100360,2^3;5^1;13^1;193^1,193,520,64,1064
8,8,31,71,1000003,571344,13064,1,1072,998932,2^2;11^1;73^1;311^1,311,3212,310,6179
8,8,31,71,10000019,5860392,13064,1,1740,9998280,2^3;3^2;5^1;27773^1,27773,360,6943,161450
8,8,31,71,100000007,58542565,13064,1,8992,99991016,2^3;12498877^1,12498877,8,12498876,332162940
8,8,31,71,1000000007,936925911,13064,1,47088,999952920,2^3;3^2;5^1;17^1;109^1;1499^1,1499,667080,214,6399
8,8,31,71,10000000019,1432945503,13064,-1,131464,10000131484,2^2;7^2;51021079^1,51021079,196,51021078,1694883525
8,8,31,71,100000000003,93018983470,13064,-1,7852,100000007856,2^4;3^2;7^1;99206357^1,99206357,1008,24801589,906280049
8,8,31,71,1000000000039,976729944926,13064,1,1768864,999998231176,2^3;7^1;17857111271^1,17857111271,56,8928555635,355920237729
8,8,49,97,1009,80,537,-1,26,1036,2^2;7^1;37^1,37,28,3,30
8,8,49,97,10007,917,1795,-1,-56,9952,2^5;311^1,311,32,310,4120
8,8,49,97,100003,51197,31816,-1,-56,99948,2^2;3^1;8329^1,8329,12,2776,46109
8,8,49,97,1000003,567516,31816,-1,964,1000968,2^3;3^1;179^1;233^1,233,4296,116,2313
8,8,49,97,10000019,2921807,31816,-1,620,10000640,2^8;5^1;13^1;601^1,601,16640,300,6977
8,8,49,97,100000007,28715115,31816,1,5676,99994332,2^2;3^1;8332861^1,8332861,12,555524,14763287
8,8,49,97,1000000007,534825250,31816,1,-46500,1000046508,2^2;3^1;37^1;179^1;12583^1,12583,79476,12582,376169
8,8,49,97,10000000019,3271310040,31816,1,-57168,10000057188,2^2;3^1;11^1;229^1;330821^1,330821,30228,33082,1098961
8,8,49,97,100000000003,40256474732,31816,1,502644,99999497360,2^4;5^1;7^1;19^1;47^1;199967^1,199967,500080,199966,7307000
8,8,49,97,1000000000039,694996228341,31816,1,236920,999999763120,2^4;5^1;19^1;657894581^1,657894581,1520,657894580,26225741866
8,14,28,82,1009,863,103,1,58,952,2^3;7^1;17^1,17,56,16,160
8,14,28,82,10007,7812,9184,1,152,9856,2^7;7^1;11^1,11,896,10,133
8,14,28,82,100003,58540,9184,1,364,99640,2^3;5^1;47^1;53^1,53,1880,52,864
8,14,28,82,1000003,487808,9184,-1,964,1000968,2^3;3^1;179^1;233^1,233,4296,116,2313
8,14,28,82,10000019,4146351,9184,1,-1344,10001364,2^2;3^1;263^1;3169^1,3169,3156,352,8186
8,14,28,82,100000007,53658542,9184,-1,-8868,99991140,2^2;3^1;5^1;1666519^1,1666519,60,833259,22144212
8,14,28,82,1000000007,780487812,9184,-1,-56400,999943608,2^3;3^1;41664317^1,41664317,24,20832158,622826379
8,14,28,82,10000000019,3170731715,9184,1,135236,9999864784,2^4;7^1;13^1;6868039^1,6868039,1456,3434019,114075642
8,14,28,82,100000000003,48780487808,9184,-1,-236508,99999763496,2^3;12499970437^1,12499970437,8,462961868,16917186398
8,14,28,82,1000000000039,146341463422,9184,1,1646264,999998353776,2^4;3^1;19^1;71^1;15443513^1,15443513,64752,7721756,307813419
8,14,34,92,1009,688,594,-1,38,1048,2^3;131^1,131,8,26,260
8,14,34,92,10007,1546,4713,1,-116,10124,2^2;2531^1,2531,4,2530,33621
8,14,34,92,100003,4132,14720,1,212,99792,2^4;3^4;7^1;11^1,11,9072,10,167
8,14,34,92,1000003,606525,14720,-1,724,1000728,2^3;3^3;41^1;113^1,113,8856,112,2233
8,14,34,92,10000019,3108703,14720,-1,-5892,9994128,2^4;3^1;59^1;3529^1,3529,2832,882,20510
8,14,34,92,100000007,80652181,14720,1,14940,99985068,2^2;3^2;19^1;127^1;1151^1,1151,86868,1150,30562
8,14,34,92,1000000007,502173918,14720,1,31048,999968960,2^6;5^1;3124903^1,3124903,320,3124902,93426298
8,14,34,92,10000000019,2673913050,14720,1,-33712,10000033732,2^2;13^1;43^1;4472287^1,4472287,2236,4472286,148566126
8,14,34,92,100000000003,95434782613,14720,-1,-236036,99999763968,2^9;3^1;13^1;19^1;229^1;1151^1,1151,86880768,115,4203
8,14,34,92,1000000000039,484782608716,14720,-1,-496,999999999544,2^3;7^2;13^1;587^1;334297^1,334297,2991352,9286,370170
8,17,28,89,1009,740,769,1,2,1008,2^4;3^2;7^1,7,144,1,10
8,17,28,89,10007,5072,7832,1,-168,10176,2^6;3^1;53^1,53,192,26,346
8,17,28,89,100003,59963,7832,1,136,99868,2^2;24967^1,24967,4,1387,23038
8,17,28,89,1000003,968340,7832,1,-1204,1001208,2^3;3^1;13^1;3209^1,3209,312,3208,63941
8,17,28,89,10000019,1889689,7832,-1,2676,10002696,2^3;3^1;11^1;37889^1,37889,264,9472,220258
8,17,28,89,100000007,65270691,7832,-1,-14224,99985784,2^3;23^1;83^1;6547^1,6547,15272,3273,86982
8,17,28,89,1000000007,555669056,7832,-1,44060,1000044068,2^2;53^1;1297^1;3637^1,3637,274964,3636,108707
8,17,28,89,10000000019,1756894796,7832,1,-118672,10000118692,2^2;17^1;61^1;2410829^1,2410829,4148,2410828,80085973
8,17,28,89,100000000003,45352400412,7832,1,26092,99999973912,2^3;38629^1;323591^1,323591,309032,161795,5912185
8,17,28,89,1000000000039,76608784479,7832,1,78480,999999921560,2^3;5^1;139^1;2069^1;86929^1,86929,11503640,7244,288769
12,1,4,13,1009,855,468,-1,6,1016,2^3;127^1,127,8,63,629
12,1,4,13,10007,771,468,1,168,9840,2^4;3^1;5^1;41^1,41,240,8,107
12,1,4,13,100003,53849,468,-1,-200,99804,2^2;3^1;8317^1,8317,12,4158,69064
12,1,4,13,1000003,692311,468,1,-500,1000504,2^3;125063^1,125063,8,62531,1246342
12,1,4,13,10000019,9230788,468,1,3244,9996776,2^3;827^1;1511^1,1511,6616,151,3512
12,1,4,13,100000007,92307700,468,1,1208,99998800,2^4;5^2;11^1;22727^1,22727,4400,11363,301977
12,1,4,13,1000000007,461538466,468,-1,-62736,999937272,2^3;3^1;4583^1;9091^1,9091,109992,505,15099
12,1,4,13,10000000019,3076923084,468,1,97932,9999902088,2^3;3^3;11^1;37^1;113749^1,113749,87912,37916,1259543
12,1,4,13,100000000003,53846153849,468,-1,243240,100000243244,2^2;11^1;103^1;22065367^1,22065367,4532,22065366,806295152
12,1,4,13,1000000000039,769230769262,468,1,1120136,999998879904,2^5;3^6;31^1;953^1;1451^1,1451,689179104,725,28901
12,1,13,24,1009,467,429,1,34,976,2^4;61^1,61,16,20,200
12,1,13,24,10007,2885,3456,1,-116,10124,2^2;2531^1,2531,4,2530,33621
12,1,13,24,100003,35766,3456,1,-60,100064,2^5;53^1;59^1,59,1696,29,482
12,1,13,24,1000003,357641,3456,1,-1636,1001640,2^3;3^1;5^1;17^1;491^1,491,2040,98,1954
12,1,13,24,10000019,7465293,3456,-1,-1348,9998672,2^4;624917^1,624917,16,156229,3632871
12,1,13,24,100000007,78819451,3456,1,-18756,100018764,2^2;3^2;2778299^1,2778299,36,2778298,73834450
12,1,13,24,1000000007,788194451,3456,1,-30256,1000030264,2^3;509^1;245587^1,245587,4072,245586,7342372
12,1,13,24,10000000019,7465277793,3456,-1,148636,10000148656,2^4;23^1;37^1;127^1;5783^1,5783,1729232,413,13720
12,1,13,24,100000000003,35763888891,3456,1,-586524,100000586528,2^5;3125018329^1,3125018329,32,781254582,28547986998
12,1,13,24,1000000000039,232638888899,3456,-1,1366244,1000001366284,2^2;331^1;755288041^1,755288041,1324,151057608,6021630144
12,1,13,88,1009,67,564,-1,-14,996,2^2;3^1;83^1,83,12,82,819
12,1,13,88,10007,5033,2665,1,-68,10076,2^2;11^1;229^1,229,44,228,3030
12,1,13,88,100003,85515,12672,-1,356,100360,2^3;5^1;13^1;193^1,193,520,64,1064
12,1,13,88,1000003,36933,12672,1,-572,1000576,2^7;7817^1,7817,128,7816,155786
12,1,13,88,10000019,9005700,12672,-1,3060,10003080,2^3;3^1;5^1;31^1;2689^1,2689,3720,384,8930
12,1,13,88,100000007,284092,12672,1,-16076,100016084,2^2;7^1;3572003^1,3572003,28,3572002,94927471
12,1,13,88,1000000007,639204551,12672,1,-5164,1000005172,2^2;811^1;308263^1,308263,3244,51377,1536037
12,1,13,88,10000000019,823863639,12672,1,79020,9999921000,2^3;3^1;5^3;3333307^1,3333307,3000,3333306,110730029
12,1,13,88,100000000003,85511363640,12672,-1,405964,100000405968,2^4;3^1;34361^1;60631^1,60631,1649328,30315,1107747
12,1,13,88,1000000000039,275568181830,12672,1,-349216,1000000349256,2^3;3^1;29^1;853^1;1684387^1,1684387,593688,842193,33572456
12,1,24,37,1009,697,122,-1,42,1052,2^2;263^1,263,4,262,2615
12,1,24,37,10007,5469,205,1,-88,10096,2^4;631^1,631,16,126,1675
12,1,24,37,100003,47476,10212,1,152,99852,2^2;3^1;53^1;157^1,157,636,156,2592
12,1,24,37,1000003,833141,10212,1,228,999776,2^5;157^1;199^1,199,5024,33,658
12,1,24,37,10000019,8660417,10212,-1,1412,10001432,2^3;7^1;178597^1,178597,56,178596,4152982
12,1,24,37,100000007,42773212,10212,-1,7992,100008000,2^6;3^3;5^3;463^1,463,216000,66,1754
12,1,24,37,1000000007,394829616,10212,1,-13920,1000013928,2^3;3^1;19^1;101^1;21713^1,21713,46056,1357,40571
12,1,24,37,10000000019,9964747376,10212,1,65472,9999934548,2^2;3^1;17^1;113^1;373^1;1163^1,1163,8598396,1162,38601
12,1,24,37,100000000003,73560517042,10212,-1,-10108,99999989896,2^3;12499998737^1,12499998737,8,6249999368,228382533430
12,1,24,37,1000000000039,965922444222,10212,1,-1250320,1000001250360,2^3;3^2;5^1;7^1;53^1;7487281^1,7487281,133560,3743640,149233235
12,1,37,52,1009,381,266,-1,50,1060,2^2;5^1;53^1,53,20,52,519
12,1,37,52,10007,7394,2450,1,-72,10080,2^5;3^2;5^1;7^1,7,1440,3,40
12,1,37,52,100003,96318,22464,1,460,99544,2^3;23^1;541^1,541,184,180,2990
12,1,37,52,1000003,732375,22464,-1,4,1000008,2^3;3^2;17^1;19^1;43^1,43,23256,21,419
12,1,37,52,10000019,2195518,22464,1,-2508,10002528,2^5;3^4;17^1;227^1,227,44064,226,5256
12,1,37,52,100000007,96955136,22464,1,17496,99982512,2^4;3^4;7^1;103^1;107^1,107,934416,106,2817
12,1,37,52,1000000007,661858980,22464,-1,19420,1000019428,2^2;281^1;889697^1,889697,1124,444848,13299778
12,1,37,52,10000000019,1426282055,22464,1,25136,9999974884,2^2;41843^1;59747^1,59747,167372,29873,992360
12,1,37,52,100000000003,96314102568,22464,1,-9540,100000009544,2^3;59^1;211864427^1,211864427,472,211864426,7741782280
12,1,37,52,1000000000039,866987179522,22464,-1,-181224,999999818816,2^6;23^1;679347703^1,679347703,1472,339673851,13540465305
12,1,52,69,1009,40,859,1,18,992,2^5;31^1,31,32,30,300
12,1,52,69,10007,8316,2200,1,48,9960,2^3;3^1;5^1;83^1,83,120,82,1090
12,1,52,69,100003,22707,42228,-1,144,100148,2^2;25037^1,25037,4,12518,207921
12,1,52,69,1000003,357490,42228,-1,-236,999768,2^3;3^1;7^1;11^1;541^1,541,1848,270,5382
12,1,52,69,10000019,4106289,42228,-1,-692,9999328,2^5;89^1;3511^1,3511,2848,585,13604
12,1,52,69,100000007,13526572,42228,1,-12840,100012848,2^4;3^1;13^2;12329^1,12329,8112,1541,40953
12,1,52,69,1000000007,526570053,42228,1,-7408,1000007416,2^3;125000927^1,125000927,8,125000926,3737196793
12,1,52,69,10000000019,3236714983,42228,-1,-62892,9999937128,2^3;3^1;149^1;2796403^1,2796403,3576,2796402,92894464
12,1,52,69,100000000003,5314009663,42228,-1,3420,100000003424,2^5;19559^1;159773^1,159773,625888,159772,5838263
12,1,52,69,1000000000039,314009661849,42228,1,-1346704,1000001346744,2^3;3^1;17^1;503^1;983^1;4957^1,4957,201735192,2478,98781
12,1,69,88,1009,880,169,1,22,988,2^2;13^1;19^1,19,52,18,180
12,1,69,88,10007,7431,1759,-1,72,10080,2^5;3^2;5^1;7^1,7,1440,3,40
12,1,69,88,100003,28060,71808,1,-500,100504,2^3;17^1;739^1,739,136,369,6129
12,1,69,88,1000003,505183,71808,1,1300,998704,2^4;7^1;37^1;241^1,241,4144,15,299
12,1,69,88,10000019,1602611,71808,1,6212,9993808,2^4;11^1;56783^1,56783,176,28391,660191
12,1,69,88,100000007,18365644,71808,-1,-8852,99991156,2^2;24997789^1,24997789,4,6249447,166081710
12,1,69,88,1000000007,499164443,71808,-1,-37264,999962744,2^3;11^1;491^1;23143^1,23143,43208,23142,691885
12,1,69,88,10000000019,3848596265,71808,1,63140,9999936880,2^4;5^1;137^1;912403^1,912403,10960,912402,30309339
12,1,69,88,100000000003,10411096258,71808,-1,136012,100000136016,2^4;3^2;11^1;63131399^1,63131399,1584,2869609,104858983
12,1,69,88,1000000000039,991143048168,71808,-1,-864076,999999135964,2^2;31^1;1039^1;7761799^1,7761799,128836,3880899,154704810
12,2,12,26,1009,265,93,-1,38,1048,2^3;131^1,131,8,26,260
12,2,12,26,10007,3696,3120,-1,-108,9900,2^2;3^2;5^2;11^1,11,900,10,133
12,2,12,26,100003,78465,3120,-1,108,100112,2^4;6257^1,6257,16,6256,103911
12,2,12,26,1000003,323079,3120,1,-764,1000768,2^6;19^1;823^1,823,1216,822,16384
12,2,12,26,10000019,307694,3120,1,1540,9998480,2^4;5^1;124981^1,124981,80,41660,968741
12,2,12,26,100000007,83076930,3120,-1,-5396,99994612,2^2;17^1;191^1;7699^1,7699,12988,7698,204578
12,2,12,26,1000000007,215384618,3120,1,7688,999992320,2^10;5^1;195311^1,195311,5120,39062,1167851
12,2,12,26,10000000019,8769230787,3120,1,-149796,10000149816,2^3;3^1;53^1;97^1;81049^1,81049,123384,27016,897453
12,2,12,26,100000000003,78461538465,3120,-1,-164852,99999835152,2^4;3^1;7^1;2039^1;145963^1,145963,685104,145962,5333628
12,2,12,26,1000000000039,492307692328,3120,-1,-1290584,999998709456,2^4;3^1;19^1;1096489813^1,1096489813,912,365496604,14569841249
12,2,26,44,1009,517,564,-1,-22,988,2^2;13^1;19^1,19,52,18,180
12,2,26,44,10007,7620,2665,1,-36,10044,2^2;3^4;31^1,31,324,3,40
12,2,26,44,100003,17047,12672,-1,536,100540,2^2;5^1;11^1;457^1,457,220,152,2525
12,2,26,44,1000003,897731,12672,1,-524,1000528,2^4;62533^1,62533,16,31266,623181
12,2,26,44,10000019,3522735,12672,-1,-1812,9998208,2^7;3^3;11^1;263^1,263,38016,131,3047
12,2,26,44,100000007,76136370,12672,1,-3468,100003476,2^2;3^1;8333623^1,8333623,12,2777874,73823182
12,2,26,44,1000000007,306818185,12672,1,-4524,1000004532,2^2;3^1;17^1;1979^1;2477^1,2477,403716,2476,74026
12,2,26,44,10000000019,795454548,12672,1,72264,9999927756,2^2;3^2;7^1;13^1;79^1;38639^1,38639,258804,19319,641764
12,2,26,44,100000000003,17045454547,12672,-1,420224,100000420228,2^2;19^1;26777^1;49139^1,49139,2035052,24569,897781
12,2,26,44,1000000000039,852272727307,12672,1,1553808,999998446232,2^3;149^1;467^1;1796413^1,1796413,556664,299402,11935103
12,2,44,66,1009,994,976,-1,50,1060,2^2;5^1;53^1,53,20,52,519
12,2,44,66,10007,3019,3243,-1,-104,9904,2^4;619^1,619,16,618,8213
12,2,44,66,100003,31748,33264,1,-100,100104,2^3;3^1;43^1;97^1,97,1032,24,399
12,2,44,66,1000003,746035,33264,-1,652,1000656,2^4;3^2;6949^1,6949,144,6948,138485
12,2,44,66,10000019,2063497,33264,-1,5068,10005088,2^5;73^1;4283^1,4283,2336,4282,99572
12,2,44,66,100000007,15873018,33264,-1,-17576,99982432,2^5;11^1;284041^1,284041,352,23670,629041
12,2,44,66,1000000007,15873017,33264,1,-2248,1000002256,2^4;11^1;37^1;153563^1,153563,6512,153562,4591098
12,2,44,66,10000000019,4920634931,33264,1,199068,9999800952,2^3;3^1;416658373^1,416658373,24,34721531,1153424294
12,2,44,66,100000000003,31746031748,33264,1,-5732,100000005736,2^3;12500000717^1,12500000717,8,3125000179,114191284803
12,2,44,66,1000000000039,174603174611,33264,-1,-1465128,999998534912,2^8;13^1;3449^1;87121^1,87121,11478272,87120,3472877
12,2,66,92,1009,25,26,-1,-14,996,2^2;3^1;83^1,83,12,82,819
12,2,66,92,10007,35,607,-1,-72,9936,2^4;3^3;23^1,23,432,11,147
12,2,66,92,100003,94637,70656,-1,-204,99800,2^3;5^2;499^1,499,200,166,2758
12,2,66,92,1000003,794161,70656,1,100,999904,2^5;31247^1,31247,32,15623,311391
12,2,66,92,10000019,5006804,70656,1,5836,9994184,2^3;1249273^1,1249273,8,312318,7262487
12,2,66,92,100000007,73165767,70656,-1,-14744,99985264,2^4;109^1;57331^1,57331,1744,28665,761785
12,2,66,92,1000000007,775135876,70656,-1,-57072,999942936,2^3;3^1;41664289^1,41664289,24,5208036,155706491
12,2,66,92,10000000019,9354619584,70656,-1,130428,10000130448,2^4;3^1;7^1;11^1;2705663^1,2705663,3696,2705662,89880147
12,2,66,92,100000000003,31589673915,70656,1,-163536,100000163540,2^2;5^1;2903^1;1722359^1,1722359,58060,1722358,62937044
12,2,66,92,1000000000039,449048913062,70656,1,-688256,1000000688296,2^3;179^1;698324503^1,698324503,1432,232774834,9279135131
12,3,8,23,1009,133,371,-1,22,1032,2^3;3^1;43^1,43,24,42,420
12,3,8,23,10007,3047,1380,1,-88,10096,2^4;631^1,631,16,126,1675
12,3,8,23,100003,39133,1380,1,-104,100108,2^2;29^1;863^1,863,116,862,14318
12,3,8,23,1000003,956526,1380,-1,892,1000896,2^6;3^1;13^1;401^1,401,2496,400,7973
12,3,8,23,10000019,2608702,1380,1,1872,9998148,2^2;3^1;833179^1,833179,12,833178,19374305
12,3,8,23,100000007,95652182,1380,1,2752,99997256,2^3;12499657^1,12499657,8,4166552,110727890
12,3,8,23,1000000007,652173919,1380,1,33760,999966248,2^3;17^1;1297^1;5669^1,5669,176392,436,13036
12,3,8,23,10000000019,2173913049,1380,-1,-47612,9999952408,2^3;37^1;443^1;76261^1,76261,131128,492,16344
12,3,8,23,100000000003,30434782611,1380,-1,-78124,99999921880,2^3;5^1;3989^1;626723^1,626723,159560,313361,11450590
12,3,8,23,1000000000039,434782608714,1380,1,977592,999999022448,2^4;29^1;67^1;32166721^1,32166721,31088,16083360,641133186
12,3,23,44,1009,681,470,-1,-6,1004,2^2;251^1,251,4,25,250
12,3,23,44,10007,8996,553,-1,28,10036,2^2;13^1;193^1,193,52,64,851
12,3,23,44,100003,15797,10560,1,272,99732,2^2;3^1;8311^1,8311,12,4155,69014
12,3,23,44,1000003,885231,10560,-1,1220,1001224,2^3;7^1;19^1;941^1,941,1064,470,9368
12,3,23,44,10000019,1397731,10560,1,-44,10000064,2^6;37^1;41^1;103^1,103,97088,51,1186
12,3,23,44,100000007,89886371,10560,-1,19512,100019520,2^6;3^2;5^1;34729^1,34729,2880,8682,230728
12,3,23,44,1000000007,444318186,10560,-1,-8936,999991072,2^5;1123^1;27827^1,27827,35936,13913,415962
12,3,23,44,10000000019,8670454563,10560,-1,170532,10000170552,2^3;3^1;23^1;18116251^1,18116251,552,3019375,100301467
12,3,23,44,100000000003,15795454547,10560,1,-404568,100000404572,2^2;19^1;43^1;30599879^1,30599879,3268,15299939,559078270
12,3,23,44,1000000000039,389772727289,10560,-1,-789052,999999210988,2^2;10567^1;23658541^1,23658541,42268,5914635,235775907
12,3,44,71,1009,9,626,1,-46,1056,2^5;3^1;11^1,11,96,10,100
12,3,44,71,10007,7942,4911,-1,168,10176,2^6;3^1;53^1,53,192,26,346
12,3,44,71,100003,98252,34932,-1,-276,99728,2^4;23^1;271^1,271,368,135,2243
12,3,44,71,1000003,288219,34932,1,-244,1000248,2^3;3^1;71^1;587^1,587,1704,293,5840
12,3,44,71,10000019,3555487,34932,-1,-2892,9997128,2^3;3^3;31^1;1493^1,1493,6696,1492,34695
12,3,44,71,100000007,54379943,34932,-1,-2656,99997352,2^3;7^1;13^1;137359^1,137359,728,137358,3650348
12,3,44,71,1000000007,511851602,34932,1,20220,999979788,2^2;3^1;79^1;1054831^1,1054831,948,351610,10512209
12,3,44,71,10000000019,5345242196,34932,-1,-7444,9999992576,2^8;7^1;5580353^1,5580353,1792,5580352,185375281
12,3,44,71,100000000003,11920302303,34932,-1,-501616,99999498388,2^2;193^1;129533029^1,129533029,772,32383257,1183323364
12,3,44,71,1000000000039,104774991417,34932,1,-1349664,1000001349704,2^3;7^1;103^1;173370553^1,173370553,5768,173370552,6911094091
